Label	URI
label	http://eol.org/schema/terms/Amphibiaweb_URI
A. Sicilia	http://eol.org/schema/terms/Amphibiaweb_A_Sicilia
Adam Boisvert	http://eol.org/schema/terms/Amphibiaweb_Adam_Boisvert
Adam D. Marsh	http://eol.org/schema/terms/Amphibiaweb_Adam_D_Marsh
Adam Humphrey	http://eol.org/schema/terms/Amphibiaweb_Adam_Humphrey
Adolfo Ivan Gomez	http://eol.org/schema/terms/Amphibiaweb_Adolfo_Ivan_Gomez
Aileen Lavelle	http://eol.org/schema/terms/Amphibiaweb_Aileen_Lavelle
Aisha Butt	http://eol.org/schema/terms/Amphibiaweb_Aisha_Butt
Alaina Mikulcik	http://eol.org/schema/terms/Amphibiaweb_Alaina_Mikulcik
Alamelu Natesan	http://eol.org/schema/terms/Amphibiaweb_Alamelu_Natesan
Alan Krakauer	http://eol.org/schema/terms/Amphibiaweb_Alan_Krakauer
Albert Parr	http://eol.org/schema/terms/Amphibiaweb_Albert_Parr
Albertina P. Lima	http://eol.org/schema/terms/Amphibiaweb_Albertina_P_Lima
Alec Bauer	http://eol.org/schema/terms/Amphibiaweb_Alec_Bauer
Alessandro Catenazzi	http://eol.org/schema/terms/Amphibiaweb_Alessandro_Catenazzi
Alexander Taylor	http://eol.org/schema/terms/Amphibiaweb_Alexander_Taylor
Alexandra Boville	http://eol.org/schema/terms/Amphibiaweb_Alexandra_Boville
Alexandra E. Collins	http://eol.org/schema/terms/Amphibiaweb_Alexandra_E_Collins
Alexandra Holycross	http://eol.org/schema/terms/Amphibiaweb_Alexandra_Holycross
Alexandra Presher	http://eol.org/schema/terms/Amphibiaweb_Alexandra_Presher
Alexis Leigh Krup	http://eol.org/schema/terms/Amphibiaweb_Alexis_Leigh_Krup
Alice Drozd	http://eol.org/schema/terms/Amphibiaweb_Alice_Drozd
Alicia Beattie	http://eol.org/schema/terms/Amphibiaweb_Alicia_Beattie
Allen Huynh	http://eol.org/schema/terms/Amphibiaweb_Allen_Huynh
Alycia Fratzke	http://eol.org/schema/terms/Amphibiaweb_Alycia_Fratzke
Alyssa Mae Bustos	http://eol.org/schema/terms/Amphibiaweb_Alyssa_Mae_Bustos
Amanda Burns	http://eol.org/schema/terms/Amphibiaweb_Amanda_Burns
Amanda Chiachi	http://eol.org/schema/terms/Amphibiaweb_Amanda_Chiachi
Amanda Lukas	http://eol.org/schema/terms/Amphibiaweb_Amanda_Lukas
Amber Lukk	http://eol.org/schema/terms/Amphibiaweb_Amber_Lukk
Ambika Sopory	http://eol.org/schema/terms/Amphibiaweb_Ambika_Sopory
Amelia Chong	http://eol.org/schema/terms/Amphibiaweb_Amelia_Chong
Amy Jess	http://eol.org/schema/terms/Amphibiaweb_Amy_Jess
Amy Ru Chen	http://eol.org/schema/terms/Amphibiaweb_Amy_Ru_Chen
Andra George	http://eol.org/schema/terms/Amphibiaweb_Andra_George
Andrea Swei	http://eol.org/schema/terms/Amphibiaweb_Andrea_Swei
Andrew Antes	http://eol.org/schema/terms/Amphibiaweb_Andrew_Antes
Andrew Crawford	http://eol.org/schema/terms/Amphibiaweb_Andrew_Crawford
Andrew Rubio	http://eol.org/schema/terms/Amphibiaweb_Andrew_Rubio
Angela Flemming	http://eol.org/schema/terms/Amphibiaweb_Angela_Flemming
Angela Trenkle	http://eol.org/schema/terms/Amphibiaweb_Angela_Trenkle
Ann T. Chang	http://eol.org/schema/terms/Amphibiaweb_Ann_T_Chang
Anna Chow	http://eol.org/schema/terms/Amphibiaweb_Anna_Chow
Annabelle Louderback	http://eol.org/schema/terms/Amphibiaweb_Annabelle_Louderback
Ansel Fong G.	http://eol.org/schema/terms/Amphibiaweb_Ansel_Fong_G
Antonio Romano	http://eol.org/schema/terms/Amphibiaweb_Antonio_Romano
April Robinson	http://eol.org/schema/terms/Amphibiaweb_April_Robinson
Arie van der meijden	http://eol.org/schema/terms/Amphibiaweb_Arie_van_der_Meijden
Arin Phillips	http://eol.org/schema/terms/Amphibiaweb_Arin_Phillips
Arjun Mehta	http://eol.org/schema/terms/Amphibiaweb_Arjun_Mehta
Arman Zaman	http://eol.org/schema/terms/Amphibiaweb_Arman_Zaman
Arne Schioetz	http://eol.org/schema/terms/Amphibiaweb_Arne_Schioetz
Arne Schiøtz	http://eol.org/schema/terms/Amphibiaweb_Arne_Schiøtz
Arti Patel	http://eol.org/schema/terms/Amphibiaweb_Arti_Patel
Asha Pluton	http://eol.org/schema/terms/Amphibiaweb_Asha_Pluton
Ashley Grider	http://eol.org/schema/terms/Amphibiaweb_Ashley_Grider
Ashley Rath	http://eol.org/schema/terms/Amphibiaweb_Ashley_Rath
Ashling Quigley	http://eol.org/schema/terms/Amphibiaweb_Ashling_Quigley
Asia Jones	http://eol.org/schema/terms/Amphibiaweb_Asia_Jones
Athena Dao	http://eol.org/schema/terms/Amphibiaweb_Athena_Dao
Athena Dupen	http://eol.org/schema/terms/Amphibiaweb_Athena_Dupen
Axel C. Hauduc	http://eol.org/schema/terms/Amphibiaweb_Axel_C_Hauduc
Ayala Noga Berger	http://eol.org/schema/terms/Amphibiaweb_Ayala_Noga_Berger
Azucena Barrios	http://eol.org/schema/terms/Amphibiaweb_Azucena_Barrios
B. Malone	http://eol.org/schema/terms/Amphibiaweb_B_Malone
B.A. Alford	http://eol.org/schema/terms/Amphibiaweb_BA_Alford
Ben Evans	http://eol.org/schema/terms/Amphibiaweb_Ben_Evans
Benjamin Kaza	http://eol.org/schema/terms/Amphibiaweb_Benjamin_Kaza
Betty Huynh	http://eol.org/schema/terms/Amphibiaweb_Betty_Huynh
Boris Bulog	http://eol.org/schema/terms/Amphibiaweb_Boris_Bulog
Brandt Weary	http://eol.org/schema/terms/Amphibiaweb_Brandt_Weary
Brenda Yee	http://eol.org/schema/terms/Amphibiaweb_Brenda_Yee
Brenden Mitchum	http://eol.org/schema/terms/Amphibiaweb_Brenden_Mitchum
Brent Nguyen	http://eol.org/schema/terms/Amphibiaweb_Brent_Nguyen
Brett Butler	http://eol.org/schema/terms/Amphibiaweb_Brett_Butler
Brian Petirs	http://eol.org/schema/terms/Amphibiaweb_Brian_Petirs
Brittany Lee	http://eol.org/schema/terms/Amphibiaweb_Brittany_Lee
Brooke Bivens	http://eol.org/schema/terms/Amphibiaweb_Brooke_Bivens
Bryanna Mariel Andrews	http://eol.org/schema/terms/Amphibiaweb_Bryanna_Mariel_Andrews
C. Michael Hogan	http://eol.org/schema/terms/Amphibiaweb_C_Michael_Hogan
C. Mo	http://eol.org/schema/terms/Amphibiaweb_C_Mo
C. Morrison	http://eol.org/schema/terms/Amphibiaweb_C_Morrison
Cailin O'Connor	http://eol.org/schema/terms/Amphibiaweb_Cailin_O'Connor
Candice Rose	http://eol.org/schema/terms/Amphibiaweb_Candice_Rose
Carlos R. Infante	http://eol.org/schema/terms/Amphibiaweb_Carlos_R_Infante
Carolina Polaña	http://eol.org/schema/terms/Amphibiaweb_Carolina_Polaña
Catherine Aguilar	http://eol.org/schema/terms/Amphibiaweb_Catherine_Aguilar
Celeste Dodge	http://eol.org/schema/terms/Amphibiaweb_Celeste_Dodge
Charles P. McCormick	http://eol.org/schema/terms/Amphibiaweb_Charles_P_McCormick
Charlie Ramos	http://eol.org/schema/terms/Amphibiaweb_Charlie_Ramos
Charling Huang	http://eol.org/schema/terms/Amphibiaweb_Charling_Huang
Chelsea Deerinck	http://eol.org/schema/terms/Amphibiaweb_Chelsea_Deerinck
Chelsea Ohanesian	http://eol.org/schema/terms/Amphibiaweb_Chelsea_Ohanesian
Cheng (Lily) Li	http://eol.org/schema/terms/Amphibiaweb_Cheng_Lily_Li
Chih Wang	http://eol.org/schema/terms/Amphibiaweb_Chih_Wang
Christin Hong	http://eol.org/schema/terms/Amphibiaweb_Christin_Hong
Christina Kang	http://eol.org/schema/terms/Amphibiaweb_Christina_Kang
Christina Torres	http://eol.org/schema/terms/Amphibiaweb_Christina_Torres
Christine Isabel Javier	http://eol.org/schema/terms/Amphibiaweb_Christine_Isabel_Javier
Christine Lu	http://eol.org/schema/terms/Amphibiaweb_Christine_Lu
Christopher Streeter	http://eol.org/schema/terms/Amphibiaweb_Christopher_Streeter
Cindy Liu	http://eol.org/schema/terms/Amphibiaweb_Cindy_Liu
Claire Wohlers	http://eol.org/schema/terms/Amphibiaweb_Claire_Wohlers
Clare Morrison	http://eol.org/schema/terms/Amphibiaweb_Clare_Morrison
Claudia Keller	http://eol.org/schema/terms/Amphibiaweb_Claudia_Keller
Colleen Kamoroff	http://eol.org/schema/terms/Amphibiaweb_Colleen_Kamoroff
Connor M. French	http://eol.org/schema/terms/Amphibiaweb_Connor_M_French
Corrina Kamoroff	http://eol.org/schema/terms/Amphibiaweb_Corrina_Kamoroff
Courtenay Harding	http://eol.org/schema/terms/Amphibiaweb_Courtenay_Harding
Craig Guyer	http://eol.org/schema/terms/Amphibiaweb_Craig_Guyer
D. Buckley	http://eol.org/schema/terms/Amphibiaweb_D_Buckley
D. Driscoll	http://eol.org/schema/terms/Amphibiaweb_D_Driscoll
D. Newell	http://eol.org/schema/terms/Amphibiaweb_D_Newell
D. Roberts	http://eol.org/schema/terms/Amphibiaweb_D_Roberts
Danielle Myers	http://eol.org/schema/terms/Amphibiaweb_Danielle_Myers
Darren Ayoub	http://eol.org/schema/terms/Amphibiaweb_Darren_Ayoub
David B. Wake	http://eol.org/schema/terms/Amphibiaweb_David_B_Wake
David B.Wake	http://eol.org/schema/terms/Amphibiaweb_David_B_Wake
David Burkart	http://eol.org/schema/terms/Amphibiaweb_David_Burkart
David C. Blackburn	http://eol.org/schema/terms/Amphibiaweb_David_C_Blackburn
David Chen	http://eol.org/schema/terms/Amphibiaweb_David_Chen
David Wake	http://eol.org/schema/terms/Amphibiaweb_David_Wake
David Wong	http://eol.org/schema/terms/Amphibiaweb_David_Wong
Deborah Lee	http://eol.org/schema/terms/Amphibiaweb_Deborah_Lee
Dennis Lee	http://eol.org/schema/terms/Amphibiaweb_Dennis_Lee
Devon Feaster	http://eol.org/schema/terms/Amphibiaweb_Devon_Feaster
Diana Kimbrough	http://eol.org/schema/terms/Amphibiaweb_Diana_Kimbrough
Diana Lakeland	http://eol.org/schema/terms/Amphibiaweb_Diana_Lakeland
Diana Lin	http://eol.org/schema/terms/Amphibiaweb_Diana_Lin
Diogo B. Provete	http://eol.org/schema/terms/Amphibiaweb_Diogo_B_Provete
Diogo Borges Provete	http://eol.org/schema/terms/Amphibiaweb_Diogo_Borges_Provete
Domingos J. Rodrigues	http://eol.org/schema/terms/Amphibiaweb_Domingos_J_Rodrigues
Duncan Parks	http://eol.org/schema/terms/Amphibiaweb_Duncan_Parks
Dustin Guericke	http://eol.org/schema/terms/Amphibiaweb_Dustin_Guericke
E. Meyer	http://eol.org/schema/terms/Amphibiaweb_E_Meyer
E. Meyers	http://eol.org/schema/terms/Amphibiaweb_E_Meyers
Ed Meyer	http://eol.org/schema/terms/Amphibiaweb_E_Meyer
Elena Hausser	http://eol.org/schema/terms/Amphibiaweb_Elena_Hausser
Eli Greenbaum	http://eol.org/schema/terms/Amphibiaweb_Eli_Greenbaum
Elizabeth Brizuela	http://eol.org/schema/terms/Amphibiaweb_Elizabeth_Brizuela
Elizabeth Carroll	http://eol.org/schema/terms/Amphibiaweb_Elizabeth_Carroll
Elizabeth Malloy	http://eol.org/schema/terms/Amphibiaweb_Elizabeth_Malloy
Elizabeth McAlpine-Bellis	http://eol.org/schema/terms/Amphibiaweb_Elizabeth_McAlpine-Bellis
Elizabeth Reisman	http://eol.org/schema/terms/Amphibiaweb_Elizabeth_Reisman
Elli Son	http://eol.org/schema/terms/Amphibiaweb_Elli_Son
Elsa Corona	http://eol.org/schema/terms/Amphibiaweb_Elsa_Corona
Emily Kaminski	http://eol.org/schema/terms/Amphibiaweb_Emily_Kaminski
Emily Kotcher	http://eol.org/schema/terms/Amphibiaweb_Emily_Kotcher
Emily Lauren Wong	http://eol.org/schema/terms/Amphibiaweb_Emily_Lauren_Wong
Emily Moura	http://eol.org/schema/terms/Amphibiaweb_Emily_Moura
Emily Payne	http://eol.org/schema/terms/Amphibiaweb_Emily_Payne
Emma Cox	http://eol.org/schema/terms/Amphibiaweb_Emma_Cox
Eric Truong	http://eol.org/schema/terms/Amphibiaweb_Eric_Truong
Erica Garcia	http://eol.org/schema/terms/Amphibiaweb_Erica_Garcia
Erica J. Ely	http://eol.org/schema/terms/Amphibiaweb_Erica_J_Ely
Erik A. Sathe	http://eol.org/schema/terms/Amphibiaweb_Erik_A_Sathe
Erika Dihmes	http://eol.org/schema/terms/Amphibiaweb_Erika_Dihmes
Ernesto Recuero	http://eol.org/schema/terms/Amphibiaweb_Ernesto_Recuero
Esmerilda Rodriguez	http://eol.org/schema/terms/Amphibiaweb_Esmerilda_Rodriguez
Ethan Maxwell Grossman	http://eol.org/schema/terms/Amphibiaweb_Ethan_Maxwell_Grossman
Eun Sun Kim	http://eol.org/schema/terms/Amphibiaweb_Eun_Sun_Kim
F. Andreone	http://eol.org/schema/terms/Amphibiaweb_F_Andreone
F. Lemckert	http://eol.org/schema/terms/Amphibiaweb_F_Lemckert
F.Glaw	http://eol.org/schema/terms/Amphibiaweb_FGlaw
Fabiola Galvan Torres	http://eol.org/schema/terms/Amphibiaweb_Fabiola_Galvan_Torres
Faith Yang	http://eol.org/schema/terms/Amphibiaweb_Faith_Yang
Franco Andreone	http://eol.org/schema/terms/Amphibiaweb_Franco_Andreone
Frank Glaw	http://eol.org/schema/terms/Amphibiaweb_Frank_Glaw
Franziska Sandmeier	http://eol.org/schema/terms/Amphibiaweb_Franziska_Sandmeier
G. Gillespie	http://eol.org/schema/terms/Amphibiaweb_G_Gillespie
G. Hollis	http://eol.org/schema/terms/Amphibiaweb_G_Hollis
Galena Robertson	http://eol.org/schema/terms/Amphibiaweb_Galena_Robertson
Garrett Leidy	http://eol.org/schema/terms/Amphibiaweb_Garrett_Leidy
Gary Fellers	http://eol.org/schema/terms/Amphibiaweb_Gary_Fellers
Gary Tsai	http://eol.org/schema/terms/Amphibiaweb_Gary_Tsai
Gavin Lee	http://eol.org/schema/terms/Amphibiaweb_Gavin_Lee
Gordon Lau	http://eol.org/schema/terms/Amphibiaweb_Gordon_Lau
Grace Dougherty	http://eol.org/schema/terms/Amphibiaweb_Grace_Dougherty
Greg LaMonte	http://eol.org/schema/terms/Amphibiaweb_Greg_LaMonte
H. G. Cogger	http://eol.org/schema/terms/Amphibiaweb_H_G_Cogger
H. Hines	http://eol.org/schema/terms/Amphibiaweb_H_Hines
Haley Martin	http://eol.org/schema/terms/Amphibiaweb_Haley_Martin
Haley Stapleton	http://eol.org/schema/terms/Amphibiaweb_Haley_Stapleton
Hanika Cook	http://eol.org/schema/terms/Amphibiaweb_Hanika_Cook
Hanlu Chen	http://eol.org/schema/terms/Amphibiaweb_Hanlu_Chen
Hannan Mir	http://eol.org/schema/terms/Amphibiaweb_Hannan_Mir
Harry Hines	http://eol.org/schema/terms/Amphibiaweb_Harry_Hines
Heather Baker	http://eol.org/schema/terms/Amphibiaweb_Heather_Baker
Heather Foreman	http://eol.org/schema/terms/Amphibiaweb_Heather_Foreman
Henry Zhu	http://eol.org/schema/terms/Amphibiaweb_Henry_Zhu
Indraneil Das	http://eol.org/schema/terms/Amphibiaweb_Indraneil_Das
Initial authorship by A. Beti	http://eol.org/schema/terms/Amphibiaweb_Initial_authorship_by_A_Beti
Iris Starnberger	http://eol.org/schema/terms/Amphibiaweb_Iris_Starnberger
Isaac W. Krone	http://eol.org/schema/terms/Amphibiaweb_Isaac_W_Krone
Isabella Fenstermaker	http://eol.org/schema/terms/Amphibiaweb_Isabella_Fenstermaker
Itzue W. Caviedes-Solis	http://eol.org/schema/terms/Amphibiaweb_Itzue_W_Caviedes-Solis
J-M Hero	http://eol.org/schema/terms/Amphibiaweb_J-M_Hero
J-M. Hero	http://eol.org/schema/terms/Amphibiaweb_J-M_Hero
J. Bosch	http://eol.org/schema/terms/Amphibiaweb_J_Bosch
J. Clarke	http://eol.org/schema/terms/Amphibiaweb_J_Clarke
J. D. Roberts	http://eol.org/schema/terms/Amphibiaweb_J_D_Roberts
J.-M. Hero	http://eol.org/schema/terms/Amphibiaweb_J-M_Hero
J.D. Roberts	http://eol.org/schema/terms/Amphibiaweb_J_D_Roberts
J.E. Randrianirina	http://eol.org/schema/terms/Amphibiaweb_JE_Randrianirina
Jacob Slavik	http://eol.org/schema/terms/Amphibiaweb_Jacob_Slavik
Jacquelynn Baca	http://eol.org/schema/terms/Amphibiaweb_Jacquelynn_Baca
Jade Petaishiski	http://eol.org/schema/terms/Amphibiaweb_Jade_Petaishiski
Jaime Bosch	http://eol.org/schema/terms/Amphibiaweb_Jaime_Bosch
Jake Lee	http://eol.org/schema/terms/Amphibiaweb_Jake_Lee
James Kong	http://eol.org/schema/terms/Amphibiaweb_James_Kong
Jan Bettgenhaeuser	http://eol.org/schema/terms/Amphibiaweb_Jan_Bettgenhaeuser
Janel Marcelino	http://eol.org/schema/terms/Amphibiaweb_Janel_Marcelino
Jasmine Alam	http://eol.org/schema/terms/Amphibiaweb_Jasmine_Alam
Jason Nies	http://eol.org/schema/terms/Amphibiaweb_Jason_Nies
Jay M. Savage	http://eol.org/schema/terms/Amphibiaweb_Jay_M_Savage
Jeffrey Arauz	http://eol.org/schema/terms/Amphibiaweb_Jeffrey_Arauz
Jeffrey H. Frederick	http://eol.org/schema/terms/Amphibiaweb_Jeffrey_H_Frederick
Jemma Akkad	http://eol.org/schema/terms/Amphibiaweb_Jemma_Akkad
Jeni Maxon	http://eol.org/schema/terms/Amphibiaweb_Jeni_Maxon
Jenna Boucek	http://eol.org/schema/terms/Amphibiaweb_Jenna_Boucek
Jennie Mook	http://eol.org/schema/terms/Amphibiaweb_Jennie_Mook
Jenny Chang	http://eol.org/schema/terms/Amphibiaweb_Jenny_Chang
Jeremiah Shon	http://eol.org/schema/terms/Amphibiaweb_Jeremiah_Shon
Jerry Jin	http://eol.org/schema/terms/Amphibiaweb_Jerry_Jin
Jesse Lou	http://eol.org/schema/terms/Amphibiaweb_Jesse_Lou
Jessica Lopez	http://eol.org/schema/terms/Amphibiaweb_Jessica_Lopez
Jessica Reimche	http://eol.org/schema/terms/Amphibiaweb_Jessica_Reimche
Jillian Capdevielle	http://eol.org/schema/terms/Amphibiaweb_Jillian_Capdevielle
Jillian Howard	http://eol.org/schema/terms/Amphibiaweb_Jillian_Howard
Jimmy W. Wehsener	http://eol.org/schema/terms/Amphibiaweb_Jimmy_W_Wehsener
Jina Moon	http://eol.org/schema/terms/Amphibiaweb_Jina_Moon
Jinzhong Fu	http://eol.org/schema/terms/Amphibiaweb_Jinzhong_Fu
Jivka Grozeva	http://eol.org/schema/terms/Amphibiaweb_Jivka_Grozeva
Jo Odias	http://eol.org/schema/terms/Amphibiaweb_Jo_Odias
Jodi L. Massie	http://eol.org/schema/terms/Amphibiaweb_Jodi_L_Massie
Joern Dietl	http://eol.org/schema/terms/Amphibiaweb_Joern_Dietl
John Cavagnaro	http://eol.org/schema/terms/Amphibiaweb_John_Cavagnaro
John Romansic	http://eol.org/schema/terms/Amphibiaweb_John_Romansic
Jolina Liao	http://eol.org/schema/terms/Amphibiaweb_Jolina_Liao
Jonah Pyo	http://eol.org/schema/terms/Amphibiaweb_Jonah_Pyo
Jonathan A. Campbell	http://eol.org/schema/terms/Amphibiaweb_Jonathan_A_Campbell
Jonathan J. Fong	http://eol.org/schema/terms/Amphibiaweb_Jonathan_J_Fong
Jonathan Rose	http://eol.org/schema/terms/Amphibiaweb_Jonathan_Rose
Jordan Fleming	http://eol.org/schema/terms/Amphibiaweb_Jordan_Fleming
Jose Martin Jacuinde	http://eol.org/schema/terms/Amphibiaweb_Jose_Martin_Jacuinde
Josephine Rodgers	http://eol.org/schema/terms/Amphibiaweb_Josephine_Rodgers
Josh Whorley	http://eol.org/schema/terms/Amphibiaweb_Josh_Whorley
Josh Wiseman	http://eol.org/schema/terms/Amphibiaweb_Josh_Wiseman
Joshua Curtis	http://eol.org/schema/terms/Amphibiaweb_Joshua_Curtis
Joshua R. Whorley David B. Wake	http://eol.org/schema/terms/Amphibiaweb_Joshua_R_Whorley_David_B_Wake
Josiah Townsend	http://eol.org/schema/terms/Amphibiaweb_Josiah_Townsend
Justin Behning	http://eol.org/schema/terms/Amphibiaweb_Justin_Behning
Justin Rabie	http://eol.org/schema/terms/Amphibiaweb_Justin_Rabie
K. McCray	http://eol.org/schema/terms/Amphibiaweb_K_McCray
K. Whittaker	http://eol.org/schema/terms/Amphibiaweb_K_Whittaker
K.P. Dinesh	http://eol.org/schema/terms/Amphibiaweb_KP_Dinesh
K.R. McDonald	http://eol.org/schema/terms/Amphibiaweb_KR_McDonald
Kaetlyn Wynn	http://eol.org/schema/terms/Amphibiaweb_Kaetlyn_Wynn
Kaitlin Lopez	http://eol.org/schema/terms/Amphibiaweb_Kaitlin_Lopez
Kaley Jenkins	http://eol.org/schema/terms/Amphibiaweb_Kaley_Jenkins
Kandys Kim	http://eol.org/schema/terms/Amphibiaweb_Kandys_Kim
Karee Rasmussen	http://eol.org/schema/terms/Amphibiaweb_Karee_Rasmussen
Karen Pujol	http://eol.org/schema/terms/Amphibiaweb_Karen_Pujol
Karen Zuniga	http://eol.org/schema/terms/Amphibiaweb_Karen_Zuniga
Karla Aguilar	http://eol.org/schema/terms/Amphibiaweb_Karla_Aguilar
Kassandra Schneider	http://eol.org/schema/terms/Amphibiaweb_Kassandra_Schneider
Kate Morrison	http://eol.org/schema/terms/Amphibiaweb_Kate_Morrison
Katherine Agustina Martinez	http://eol.org/schema/terms/Amphibiaweb_Katherine_Agustina_Martinez
Katherine Lewis	http://eol.org/schema/terms/Amphibiaweb_Katherine_Lewis
Katherine Luethcke	http://eol.org/schema/terms/Amphibiaweb_Katherine_Luethcke
Katie Hindorff	http://eol.org/schema/terms/Amphibiaweb_Katie_Hindorff
Keith Lui	http://eol.org/schema/terms/Amphibiaweb_Keith_Lui
Kellie Whittaker	http://eol.org/schema/terms/Amphibiaweb_Kellie_Whittaker
Kendra Ritchie	http://eol.org/schema/terms/Amphibiaweb_Kendra_Ritchie
Keth Pichta Pal	http://eol.org/schema/terms/Amphibiaweb_Keth_Pichta_Pal
Ketti Augusztiny	http://eol.org/schema/terms/Amphibiaweb_Ketti_Augusztiny
Kevin Gin	http://eol.org/schema/terms/Amphibiaweb_Kevin_Gin
Kevin Hawk Hammer	http://eol.org/schema/terms/Amphibiaweb_Kevin_Hawk_Hammer
Kevin Marsee	http://eol.org/schema/terms/Amphibiaweb_Kevin_Marsee
Kip Green	http://eol.org/schema/terms/Amphibiaweb_Kip_Green
Kira Wiesinger	http://eol.org/schema/terms/Amphibiaweb_Kira_Wiesinger
Kory Heiken	http://eol.org/schema/terms/Amphibiaweb_Kory_Heiken
Kristen McCarty	http://eol.org/schema/terms/Amphibiaweb_Kristen_McCarty
Kristin Charles	http://eol.org/schema/terms/Amphibiaweb_Kristin_Charles
Kristina Prus	http://eol.org/schema/terms/Amphibiaweb_Kristina_Prus
Kristopher Spegal	http://eol.org/schema/terms/Amphibiaweb_Kristopher_Spegal
Krystal Austin	http://eol.org/schema/terms/Amphibiaweb_Krystal_Austin
Krystal Gong	http://eol.org/schema/terms/Amphibiaweb_Krystal_Gong
KU Herpetology Class	http://eol.org/schema/terms/Amphibiaweb_KU_Herpetology_Class
L. Shoo	http://eol.org/schema/terms/Amphibiaweb_L_Shoo
Lathrop	http://eol.org/schema/terms/Amphibiaweb_Lathrop
Laura Brannelly	http://eol.org/schema/terms/Amphibiaweb_Laura_Brannelly
Laura Casals	http://eol.org/schema/terms/Amphibiaweb_Laura_Casals
Lauren Broder	http://eol.org/schema/terms/Amphibiaweb_Lauren_Broder
Lauren Cassidy	http://eol.org/schema/terms/Amphibiaweb_Lauren_Cassidy
Lauren M. Chan	http://eol.org/schema/terms/Amphibiaweb_Lauren_M_Chan
Lauren T. English	http://eol.org/schema/terms/Amphibiaweb_Lauren_T_English
Leighton Pu	http://eol.org/schema/terms/Amphibiaweb_Leighton_Pu
Leon Tkacenko	http://eol.org/schema/terms/Amphibiaweb_Leon_Tkacenko
Leslie Hill	http://eol.org/schema/terms/Amphibiaweb_Leslie_Hill
Lettie Gallup	http://eol.org/schema/terms/Amphibiaweb_Lettie_Gallup
Lindsey Freeman	http://eol.org/schema/terms/Amphibiaweb_Lindsey_Freeman
Lisa Knapp	http://eol.org/schema/terms/Amphibiaweb_Lisa_Knapp
Lisa Rosenthal	http://eol.org/schema/terms/Amphibiaweb_Lisa_Rosenthal
Luciana K. Erdtmann	http://eol.org/schema/terms/Amphibiaweb_Luciana_K_Erdtmann
M. Arculeo	http://eol.org/schema/terms/Amphibiaweb_M_Arculeo
M. Cunningham	http://eol.org/schema/terms/Amphibiaweb_M_Cunningham
M. Cunninghan	http://eol.org/schema/terms/Amphibiaweb_M_Cunningham
M. Littlejohn	http://eol.org/schema/terms/Amphibiaweb_M_Littlejohn
M. Lo Valvo	http://eol.org/schema/terms/Amphibiaweb_M_Lo_Valvo
M. S. Khan	http://eol.org/schema/terms/Amphibiaweb_M_S_Khan
M. Stöck	http://eol.org/schema/terms/Amphibiaweb_M_Stöck
M. Stoneham	http://eol.org/schema/terms/Amphibiaweb_M_Stoneham
M. Vences	http://eol.org/schema/terms/Amphibiaweb_M_Vences
M.O. Rödel	http://eol.org/schema/terms/Amphibiaweb_MO_Roedel
M.O. Roedel	http://eol.org/schema/terms/Amphibiaweb_MO_Roedel
M.S. Khan	http://eol.org/schema/terms/Amphibiaweb_M_S_Khan
M.S.Khan	http://eol.org/schema/terms/Amphibiaweb_MSKhan
Madeleine Wieland	http://eol.org/schema/terms/Amphibiaweb_Madeleine_Wieland
Mae Huo	http://eol.org/schema/terms/Amphibiaweb_Mae_Huo
Mallory Clouse	http://eol.org/schema/terms/Amphibiaweb_Mallory_Clouse
Marcelo Menin	http://eol.org/schema/terms/Amphibiaweb_Marcelo_Menin
Marina Guzman	http://eol.org/schema/terms/Amphibiaweb_Marina_Guzman
Marisa Riordan	http://eol.org/schema/terms/Amphibiaweb_Marisa_Riordan
Mark-Oliver Rödel	http://eol.org/schema/terms/Amphibiaweb_Mark-Oliver_Rödel
Masha Joanna Paramonova	http://eol.org/schema/terms/Amphibiaweb_Masha_Joanna_Paramonova
Matan Shelomi	http://eol.org/schema/terms/Amphibiaweb_Matan_Shelomi
Matthew Thorstensen	http://eol.org/schema/terms/Amphibiaweb_Matthew_Thorstensen
Mauro Hernandez	http://eol.org/schema/terms/Amphibiaweb_Mauro_Hernandez
Max Sparreboom	http://eol.org/schema/terms/Amphibiaweb_Max_Sparreboom
Maxine Weber	http://eol.org/schema/terms/Amphibiaweb_Maxine_Weber
Mayra Pelagio	http://eol.org/schema/terms/Amphibiaweb_Mayra_Pelagio
Megan Blandford	http://eol.org/schema/terms/Amphibiaweb_Megan_Blandford
Megan Wai	http://eol.org/schema/terms/Amphibiaweb_Megan_Wai
Meghan Bishop	http://eol.org/schema/terms/Amphibiaweb_Meghan_Bishop
Meghan Parsley	http://eol.org/schema/terms/Amphibiaweb_Meghan_Parsley
Melissa Crews	http://eol.org/schema/terms/Amphibiaweb_Melissa_Crews
Melissa Headley	http://eol.org/schema/terms/Amphibiaweb_Melissa_Headley
Melissa Sullivan	http://eol.org/schema/terms/Amphibiaweb_Melissa_Sullivan
Meredith J. Mahoney	http://eol.org/schema/terms/Amphibiaweb_Meredith_J_Mahoney
Mia Guarnieri	http://eol.org/schema/terms/Amphibiaweb_Mia_Guarnieri
Michael Chou	http://eol.org/schema/terms/Amphibiaweb_Michael_Chou
Michael Chou and Ann T. Chang	http://eol.org/schema/terms/Amphibiaweb_Michael_Chou and_Ann_T_Chang
Michael Li	http://eol.org/schema/terms/Amphibiaweb_Michael_Li
Michelle Fremming	http://eol.org/schema/terms/Amphibiaweb_Michelle_Fremming
Michelle Gin	http://eol.org/schema/terms/Amphibiaweb_Michelle_Gin
Michelle Iwaki	http://eol.org/schema/terms/Amphibiaweb_Michelle_Iwaki
Michelle Knapp	http://eol.org/schema/terms/Amphibiaweb_Michelle_Knapp
Michelle Koo	http://eol.org/schema/terms/Amphibiaweb_Michelle_Koo
Michelle S. Koo	http://eol.org/schema/terms/Amphibiaweb_Michelle_Koo
Miguel Vences	http://eol.org/schema/terms/Amphibiaweb_Miguel_Vences
Mikel Busto Gonzalez	http://eol.org/schema/terms/Amphibiaweb_Mikel_Busto_Gonzalez
Miko Thule	http://eol.org/schema/terms/Amphibiaweb_Miko_Thule
Mingna (Vicky) Zhuang	http://eol.org/schema/terms/Amphibiaweb_Mingna_Zhuang
Mingna Zhuang	http://eol.org/schema/terms/Amphibiaweb_Mingna_Zhuang
Mirco Sole	http://eol.org/schema/terms/Amphibiaweb_Mirco_Sole
Misaki Yonashiro	http://eol.org/schema/terms/Amphibiaweb_Misaki_Yonashiro
Mohammed Firoz Ahmed	http://eol.org/schema/terms/Amphibiaweb_Mohammed_Firoz_Ahmed
Monique Picon	http://eol.org/schema/terms/Amphibiaweb_Monique_Picon
N. M. Belfiore	http://eol.org/schema/terms/Amphibiaweb_N_M_Belfiore
Nalani Schnell	http://eol.org/schema/terms/Amphibiaweb_Nalani_Schnell
Nancy L. Staub	http://eol.org/schema/terms/Amphibiaweb_Nancy_L_Staub
Naomi Cummings	http://eol.org/schema/terms/Amphibiaweb_Naomi_Cummings
Natalie Levy	http://eol.org/schema/terms/Amphibiaweb_Natalie_Levy
Nathan Van Patten	http://eol.org/schema/terms/Amphibiaweb_Nathan_Van_Patten
Nery Castillo	http://eol.org/schema/terms/Amphibiaweb_Nery_Castillo
Nichole Winters	http://eol.org/schema/terms/Amphibiaweb_Nichole_Winters
Nicolas Berry	http://eol.org/schema/terms/Amphibiaweb_Nicolas_Berry
Nicole Duong	http://eol.org/schema/terms/Amphibiaweb_Nicole_Duong
Nydia Mora	http://eol.org/schema/terms/Amphibiaweb_Nydia_Mora
O. Fuentes	http://eol.org/schema/terms/Amphibiaweb_O_Fuentes
Olivia Lim	http://eol.org/schema/terms/Amphibiaweb_Olivia_Lim
Omar Malik	http://eol.org/schema/terms/Amphibiaweb_Omar_Malik
P. Horner	http://eol.org/schema/terms/Amphibiaweb_P_Horner
P. Robertson	http://eol.org/schema/terms/Amphibiaweb_P_Robertson
Pearl Holmes	http://eol.org/schema/terms/Amphibiaweb_Pearl_Holmes
Peera Chantasirisivisal	http://eol.org/schema/terms/Amphibiaweb_Peera_Chantasirivisal
Peera Chantasirivisal	http://eol.org/schema/terms/Amphibiaweb_Peera_Chantasirivisal
Peng Zhang	http://eol.org/schema/terms/Amphibiaweb_Peng_Zhang
peter Janzen	http://eol.org/schema/terms/Amphibiaweb_peter_Janzen
Phil Bishop	http://eol.org/schema/terms/Amphibiaweb_Phil_Bishop
Philip Choy	http://eol.org/schema/terms/Amphibiaweb_Philip_Choy
Philippe J.R. Kok	http://eol.org/schema/terms/Amphibiaweb_Philippe_JR_Kok
Phillip Skipwith	http://eol.org/schema/terms/Amphibiaweb_Phillip_Skipwith
Phoebe Lehmann	http://eol.org/schema/terms/Amphibiaweb_Phoebe_Lehmann
Phung Nguyen	http://eol.org/schema/terms/Amphibiaweb_Phung_Nguyen
Pierre Fidenci	http://eol.org/schema/terms/Amphibiaweb_Pierre_Fidenci
Prathna Mehta	http://eol.org/schema/terms/Amphibiaweb_Prathna_Mehta
Quinn Morgan	http://eol.org/schema/terms/Amphibiaweb_Quinn_Morgan
R. Goldingay	http://eol.org/schema/terms/Amphibiaweb_R_Goldingay
R. Retallick	http://eol.org/schema/terms/Amphibiaweb_R_Retallick
Raahil Malhotra	http://eol.org/schema/terms/Amphibiaweb_Raahil_Malhotra
Rachel Alexis de Jesus Parungao	http://eol.org/schema/terms/Amphibiaweb_Rachel_Alexis_de_Jesus_Parungao
Rachel Alsheikh	http://eol.org/schema/terms/Amphibiaweb_Rachel_Alsheikh
Rachel Anderson	http://eol.org/schema/terms/Amphibiaweb_Rachel_Anderson
Rachel Calhoun	http://eol.org/schema/terms/Amphibiaweb_Rachel_Calhoun
Rachel Ferris	http://eol.org/schema/terms/Amphibiaweb_Rachel_Ferris
Rachel Wagley	http://eol.org/schema/terms/Amphibiaweb_Rachel_Wagley
Rae Purington	http://eol.org/schema/terms/Amphibiaweb_Rae_Purington
Raffael Ernst	http://eol.org/schema/terms/Amphibiaweb_Raffael_Ernst
Raul E. Diaz	http://eol.org/schema/terms/Amphibiaweb_Raul_E_Diaz
Raúl Maneyro	http://eol.org/schema/terms/Amphibiaweb_Raúl_Maneyro
Rebecca A. Doubledee	http://eol.org/schema/terms/Amphibiaweb_Rebecca_A_Doubledee
Rebecca Buer	http://eol.org/schema/terms/Amphibiaweb_Rebecca_Buer
Rebecca Doubledee	http://eol.org/schema/terms/Amphibiaweb_Rebecca_Doubledee
Rebecca Kittel	http://eol.org/schema/terms/Amphibiaweb_Rebecca_Kittel
Rebecca Koch	http://eol.org/schema/terms/Amphibiaweb_Rebecca_Koch
Rebecca Spranger	http://eol.org/schema/terms/Amphibiaweb_Rebecca_Spranger
Richard M. Lehtinen	http://eol.org/schema/terms/Amphibiaweb_Richard_M_Lehtinen
Riley David Kermanian	http://eol.org/schema/terms/Amphibiaweb_Riley_David_Kermanian
Rina Lu	http://eol.org/schema/terms/Amphibiaweb_Rina_Lu
Riya Kurian	http://eol.org/schema/terms/Amphibiaweb_Riya_Kurian
Robert Perrot	http://eol.org/schema/terms/Amphibiaweb_Robert_Perrot
Robin Kurian Abraham	http://eol.org/schema/terms/Amphibiaweb_Robin_Kurian_Abraham
Rosalynn Sarvi	http://eol.org/schema/terms/Amphibiaweb_Rosalynn_Sarvi
Ruby Rebensdorf	http://eol.org/schema/terms/Amphibiaweb_Ruby_Rebensdorf
Ruoshi Huang	http://eol.org/schema/terms/Amphibiaweb_Ruoshi_Huang
Rupi Mudan	http://eol.org/schema/terms/Amphibiaweb_Rupi_Mudan
Ryan Kerney	http://eol.org/schema/terms/Amphibiaweb_Ryan_Kerney
Ryen Morey	http://eol.org/schema/terms/Amphibiaweb_Ryen_Morey
S. Lo Brutto	http://eol.org/schema/terms/Amphibiaweb_S_Lo_Brutto
S. Schoville	http://eol.org/schema/terms/Amphibiaweb_S_Schoville
S. V. Krishnamurthy	http://eol.org/schema/terms/Amphibiaweb_S_V_Krishnamurthy
Sabine Eger	http://eol.org/schema/terms/Amphibiaweb_Sabine_Eger
Sam McNally	http://eol.org/schema/terms/Amphibiaweb_Sam_McNally
Samantha Morco	http://eol.org/schema/terms/Amphibiaweb_Samantha_Morco
Sandya Iyer	http://eol.org/schema/terms/Amphibiaweb_Sandya_Iyer
Sara Nece	http://eol.org/schema/terms/Amphibiaweb_Sara_Nece
Sara Remmes	http://eol.org/schema/terms/Amphibiaweb_Sara_Remmes
Sarah Ahmed	http://eol.org/schema/terms/Amphibiaweb_Sarah_Ahmed
Sarah Graber	http://eol.org/schema/terms/Amphibiaweb_Sarah_Graber
Sarah Ng	http://eol.org/schema/terms/Amphibiaweb_Sarah_Ng
Sarah Richman	http://eol.org/schema/terms/Amphibiaweb_Sarah_Richman
Sarai Acosta	http://eol.org/schema/terms/Amphibiaweb_Sarai_Acosta
Sasha Norwood	http://eol.org/schema/terms/Amphibiaweb_Sasha_Norwood
Savannah Gulley	http://eol.org/schema/terms/Amphibiaweb_Savannah_Gulley
Scott Francis Silva	http://eol.org/schema/terms/Amphibiaweb_Scott_Francis_Silva
Sean Ashley Calalang	http://eol.org/schema/terms/Amphibiaweb_Sean_Ashley_Calalang
Sean B. Reilly	http://eol.org/schema/terms/Amphibiaweb_Sean_B_Reilly
Sean D. Schoville	http://eol.org/schema/terms/Amphibiaweb_Sean_D_Schoville
Sean Rovito	http://eol.org/schema/terms/Amphibiaweb_Sean_Rovito
Sean Schoville	http://eol.org/schema/terms/Amphibiaweb_Sean_Schoville
Serena Terry	http://eol.org/schema/terms/Amphibiaweb_Serena_Terry
Sergius L. Kuzmin	http://eol.org/schema/terms/Amphibiaweb_Sergius_L_Kuzmin
Shakil Huq	http://eol.org/schema/terms/Amphibiaweb_Shakil_Huq
Sharon Liu	http://eol.org/schema/terms/Amphibiaweb_Sharon_Liu
Shaw McMahon	http://eol.org/schema/terms/Amphibiaweb_Shaw_McMahon
Shawn Wright	http://eol.org/schema/terms/Amphibiaweb_Shawn_Wright
Shea Nolan	http://eol.org/schema/terms/Amphibiaweb_Shea_Nolan
Shellie Pick	http://eol.org/schema/terms/Amphibiaweb_Shellie_Pick
Shelly Lyser	http://eol.org/schema/terms/Amphibiaweb_Shelly_Lyser
Sierra Raby	http://eol.org/schema/terms/Amphibiaweb_Sierra_Raby
Sijie Mao	http://eol.org/schema/terms/Amphibiaweb_Sijie_Mao
Simon Scarpetta	http://eol.org/schema/terms/Amphibiaweb_Simon_Scarpetta
Sofia Prado-Irwin	http://eol.org/schema/terms/Amphibiaweb_Sofia_Prado-Irwin
Stavi R. Tennenbaum	http://eol.org/schema/terms/Amphibiaweb_Stavi_R_Tennenbaum
Stella Kim	http://eol.org/schema/terms/Amphibiaweb_Stella_Kim
Stephanie Ung	http://eol.org/schema/terms/Amphibiaweb_Stephanie_Ung
Stephen C. Richter	http://eol.org/schema/terms/Amphibiaweb_Stephen_C_Richter
Steven Micheletti	http://eol.org/schema/terms/Amphibiaweb_Steven_Micheletti
Sunny Shah	http://eol.org/schema/terms/Amphibiaweb_Sunny_Shah
Susanne Fritz	http://eol.org/schema/terms/Amphibiaweb_Susanne_Fritz
Sushil K. Dutta	http://eol.org/schema/terms/Amphibiaweb_Sushil_K_Dutta
T. Ulmar Grafe	http://eol.org/schema/terms/Amphibiaweb_T_Ulmar_Grafe
Taha Jabbar	http://eol.org/schema/terms/Amphibiaweb_Taha_Jabbar
Tamar Garcia	http://eol.org/schema/terms/Amphibiaweb_Tamar_Garcia
Tate Tunstall	http://eol.org/schema/terms/Amphibiaweb_Tate_Tunstall
Taylor Bonnet	http://eol.org/schema/terms/Amphibiaweb_Taylor_Bonnet
Taylor Gullett	http://eol.org/schema/terms/Amphibiaweb_Taylor_Gullett
Teresa West	http://eol.org/schema/terms/Amphibiaweb_Teresa_West
Theresa Ly	http://eol.org/schema/terms/Amphibiaweb_Theresa_Ly
Thi Ngo	http://eol.org/schema/terms/Amphibiaweb_Thi_Ngo
Tim S. Lee	http://eol.org/schema/terms/Amphibiaweb_Tim_S_Lee
Todd Pierson	http://eol.org/schema/terms/Amphibiaweb_Todd_Pierson
Tony Alexander	http://eol.org/schema/terms/Amphibiaweb_Tony_Alexander
Tracy Rosenthal	http://eol.org/schema/terms/Amphibiaweb_Tracy_Rosenthal
Tracy T. Tran	http://eol.org/schema/terms/Amphibiaweb_Tracy_T_Tran
Trautz	http://eol.org/schema/terms/Amphibiaweb_Trautz
Travis Kirk	http://eol.org/schema/terms/Amphibiaweb_Travis_Kirk
Trevor Clark	http://eol.org/schema/terms/Amphibiaweb_Trevor_Clark
Twan Leeders	http://eol.org/schema/terms/Amphibiaweb_Twan_Leeders
Tyler Maddalon	http://eol.org/schema/terms/Amphibiaweb_Tyler_Maddalon
Tyler Smith	http://eol.org/schema/terms/Amphibiaweb_Tyler_Smith
Vance T. Vredenburg	http://eol.org/schema/terms/Amphibiaweb_Vance_Vredenburg
Vance Vredenburg	http://eol.org/schema/terms/Amphibiaweb_Vance_Vredenburg
Vanessa Lovenburg	http://eol.org/schema/terms/Amphibiaweb_Vanessa_Lovenburg
Volker H. W. Rudolf	http://eol.org/schema/terms/Amphibiaweb_Volker_H_W_Rudolf
W. Osborne	http://eol.org/schema/terms/Amphibiaweb_W_Osborne
Walter Hödl	http://eol.org/schema/terms/Amphibiaweb_Walter_Hödl
Wendy Chen	http://eol.org/schema/terms/Amphibiaweb_Wendy_Chen
William Duellman	http://eol.org/schema/terms/Amphibiaweb_William_Duellman
William E Duellman	http://eol.org/schema/terms/Amphibiaweb_William_Duellman
William E. Duellman	http://eol.org/schema/terms/Amphibiaweb_William_Duellman
William E. Magnusson	http://eol.org/schema/terms/Amphibiaweb_William_E_Magnusson
William Leonard	http://eol.org/schema/terms/Amphibiaweb_William_Leonard
William P. Leonard	http://eol.org/schema/terms/Amphibiaweb_William_P_Leonard
Wilson Xieu	http://eol.org/schema/terms/Amphibiaweb_Wilson_Xieu
Wouter Beukema	http://eol.org/schema/terms/Amphibiaweb_Wouter_Beukema
Xi Zhai	http://eol.org/schema/terms/Amphibiaweb_Xi_Zhai
Yair Chaver	http://eol.org/schema/terms/Amphibiaweb_Yair_Chaver
Yao Saephan	http://eol.org/schema/terms/Amphibiaweb_Yao_Saephan
Yik Hei Sung	http://eol.org/schema/terms/Amphibiaweb_Yik_Hei_Sung
Yuezhao Wang	http://eol.org/schema/terms/Amphibiaweb_Yuezhao_Wang
Yunke Wu	http://eol.org/schema/terms/Amphibiaweb_Yunke_Wu
Zach Felix	http://eol.org/schema/terms/Amphibiaweb_Zach_Felix
Zachary P. Wetsel	http://eol.org/schema/terms/Amphibiaweb_Zachary_P_Wetsel
Zachary S. Morris	http://eol.org/schema/terms/Amphibiaweb_Zachary_S_Morris
Zaina Khan	http://eol.org/schema/terms/Amphibiaweb_Zaina_Khan
Zheng Oong	http://eol.org/schema/terms/Amphibiaweb_Zheng_Oong
Below added May 27, 2021:	
Peter Janzen	http://eol.org/schema/terms/Amphibiaweb_Peter_Janzen
Anna Doty	http://eol.org/schema/terms/Amphibiaweb_Anna_Doty
Fall 2013 URAPs	http://eol.org/schema/terms/Amphibiaweb_Fall_2013_URAPs
Kristoffer Patterson	http://eol.org/schema/terms/Amphibiaweb_Kristoffer_Patterson
Jared Brown	http://eol.org/schema/terms/Amphibiaweb_Jared_Brown
Veronica Pedraza	http://eol.org/schema/terms/Amphibiaweb_Veronica_Pedraza
Vanikaa Keswani	http://eol.org/schema/terms/Amphibiaweb_Vanikaa_Keswani
Arie van der Meijden	http://eol.org/schema/terms/Amphibiaweb_Arie_van_der_Meijden
Kevin Gin UC Berkeley URAP	http://eol.org/schema/terms/Amphibiaweb_Kevin_Gin_UC_Berkeley_URAP
Benjamin Fryer	http://eol.org/schema/terms/Amphibiaweb_Benjamin_Fryer
Evan Twomey	http://eol.org/schema/terms/Amphibiaweb_Evan_Twomey
Cheng Li	http://eol.org/schema/terms/Amphibiaweb_Cheng_Li
Ryan Reynolds	http://eol.org/schema/terms/Amphibiaweb_Ryan_Reynolds
Richard Gilbert	http://eol.org/schema/terms/Amphibiaweb_Richard_Gilbert
Kristen Slattery	http://eol.org/schema/terms/Amphibiaweb_Kristen_Slattery
Caitlin Garner	http://eol.org/schema/terms/Amphibiaweb_Caitlin_Garner
Alexa Mutti	http://eol.org/schema/terms/Amphibiaweb_Alexa_Mutti
Philippe J. R. Kok	http://eol.org/schema/terms/Amphibiaweb_Philippe_J._R._Kok
Kaera Utsumi	http://eol.org/schema/terms/Amphibiaweb_Kaera_Utsumi
Christina Scott	http://eol.org/schema/terms/Amphibiaweb_Christina_Scott
Erin Gawel	http://eol.org/schema/terms/Amphibiaweb_Erin_Gawel
Maddy Schwarz	http://eol.org/schema/terms/Amphibiaweb_Maddy_Schwarz
Valentina Bache-Rodriguez	http://eol.org/schema/terms/Amphibiaweb_Valentina_Bache-Rodriguez
Nelly Chow	http://eol.org/schema/terms/Amphibiaweb_Nelly_Chow
Gustavo Fermin	http://eol.org/schema/terms/Amphibiaweb_Gustavo_Fermin
Sean M. Rovito	http://eol.org/schema/terms/Amphibiaweb_Sean_M._Rovito
Katherine Montana	http://eol.org/schema/terms/Amphibiaweb_Katherine_Montana
Emir Gokce	http://eol.org/schema/terms/Amphibiaweb_Emir_Gokce
Megan Duncanson	http://eol.org/schema/terms/Amphibiaweb_Megan_Duncanson
Marcus Joyce	http://eol.org/schema/terms/Amphibiaweb_Marcus_Joyce
William Yoon Ho Byun	http://eol.org/schema/terms/Amphibiaweb_William_Yoon_Ho_Byun
Asako Miyakawa	http://eol.org/schema/terms/Amphibiaweb_Asako_Miyakawa
Kayla Friedrichsen	http://eol.org/schema/terms/Amphibiaweb_Kayla_Friedrichsen
Anne-Jieleth Fernandez	http://eol.org/schema/terms/Amphibiaweb_Anne-Jieleth_Fernandez
Ronald I. Crombie	http://eol.org/schema/terms/Amphibiaweb_Ronald_I._Crombie
Marvalee Wake	http://eol.org/schema/terms/Amphibiaweb_Marvalee_Wake
Jacob F. Brumley	http://eol.org/schema/terms/Amphibiaweb_Jacob_F._Brumley
Sky Button	http://eol.org/schema/terms/Amphibiaweb_Sky_Button
Shiran Hershcovich	http://eol.org/schema/terms/Amphibiaweb_Shiran_Hershcovich
Madeline C. Bantly	http://eol.org/schema/terms/Amphibiaweb_Madeline_C._Bantly
Amanda Baker	http://eol.org/schema/terms/Amphibiaweb_Amanda_Baker
Spencer J. Mennis	http://eol.org/schema/terms/Amphibiaweb_Spencer_J._Mennis
Anthony Gilbert	http://eol.org/schema/terms/Amphibiaweb_Anthony_Gilbert
Mark Mazza II	http://eol.org/schema/terms/Amphibiaweb_Mark_Mazza_II
Giulia B. de Gennaro	http://eol.org/schema/terms/Amphibiaweb_Giulia_B._de_Gennaro
Varad B. Giri	http://eol.org/schema/terms/Amphibiaweb_Varad_B._Giri
Hillary Krumbholz	http://eol.org/schema/terms/Amphibiaweb_Hillary_Krumbholz
Malachi Whitford	http://eol.org/schema/terms/Amphibiaweb_Malachi_Whitford
Barbara Carballo	http://eol.org/schema/terms/Amphibiaweb_Barbara_Carballo
Angelica Grunloh	http://eol.org/schema/terms/Amphibiaweb_Angelica_Grunloh
Yuezhao Wang Jinzhong Fu	http://eol.org/schema/terms/Amphibiaweb_Yuezhao_Wang_Jinzhong_Fu
Andrew Phennicie	http://eol.org/schema/terms/Amphibiaweb_Andrew_Phennicie
A. Beti	http://eol.org/schema/terms/Amphibiaweb_A._Beti
Jenifer Morgan-Davie	http://eol.org/schema/terms/Amphibiaweb_Jenifer_Morgan-Davie
peter janzen	http://eol.org/schema/terms/Amphibiaweb_peter_janzen
Sara Ramirez	http://eol.org/schema/terms/Amphibiaweb_Sara_Ramirez
K. R. McDonald	http://eol.org/schema/terms/Amphibiaweb_K._R._McDonald
R. A. Alford	http://eol.org/schema/terms/Amphibiaweb_R._A._Alford
Tania Pollak	http://eol.org/schema/terms/Amphibiaweb_Tania_Pollak
M. L	http://eol.org/schema/terms/Amphibiaweb_M._L
M. St	http://eol.org/schema/terms/Amphibiaweb_M._St
Zachary R. Lewis	http://eol.org/schema/terms/Amphibiaweb_Zachary_R._Lewis
Billy Mortola	http://eol.org/schema/terms/Amphibiaweb_Billy_Mortola
Jon-Karl Jennewein	http://eol.org/schema/terms/Amphibiaweb_Jon-Karl_Jennewein
Austin Winget	http://eol.org/schema/terms/Amphibiaweb_Austin_Winget
Rosalie Abeng	http://eol.org/schema/terms/Amphibiaweb_Rosalie_Abeng
Jacob Elstad	http://eol.org/schema/terms/Amphibiaweb_Jacob_Elstad
Sally Westcott	http://eol.org/schema/terms/Amphibiaweb_Sally_Westcott
Emily McCloskey	http://eol.org/schema/terms/Amphibiaweb_Emily_McCloskey
Karin Dove	http://eol.org/schema/terms/Amphibiaweb_Karin_Dove
Travis Winter	http://eol.org/schema/terms/Amphibiaweb_Travis_Winter
Celeste M. Dodge	http://eol.org/schema/terms/Amphibiaweb_Celeste_M._Dodge
Amanda D. Wong	http://eol.org/schema/terms/Amphibiaweb_Amanda_D._Wong
Jiří Moravec	http://eol.org/schema/terms/Amphibiaweb_Jiří_Moravec
Miquéias Ferrão	http://eol.org/schema/terms/Amphibiaweb_Miquéias_Ferrão
Regina Spranger	http://eol.org/schema/terms/Amphibiaweb_Regina_Spranger
Spencer Wong	http://eol.org/schema/terms/Amphibiaweb_Spencer_Wong
Sabrina Dunn	http://eol.org/schema/terms/Amphibiaweb_Sabrina_Dunn
Cooper Walton	http://eol.org/schema/terms/Amphibiaweb_Cooper_Walton
Skyler J. Kwan	http://eol.org/schema/terms/Amphibiaweb_Skyler_J._Kwan
Javier Moreno	http://eol.org/schema/terms/Amphibiaweb_Javier_Moreno
Jing Che	http://eol.org/schema/terms/Amphibiaweb_Jing_Che
Jenna Coates	http://eol.org/schema/terms/Amphibiaweb_Jenna_Coates
Margaret S. Gunzburger	http://eol.org/schema/terms/Amphibiaweb_Margaret_S._Gunzburger
John Abraham	http://eol.org/schema/terms/Amphibiaweb_John_Abraham
Shivani Pandare	http://eol.org/schema/terms/Amphibiaweb_Shivani_Pandare
Christopher Searcy	http://eol.org/schema/terms/Amphibiaweb_Christopher_Searcy
Tina Cheng	http://eol.org/schema/terms/Amphibiaweb_Tina_Cheng
Gururaja KV	http://eol.org/schema/terms/Amphibiaweb_Gururaja_KV
Prathik Kumar	http://eol.org/schema/terms/Amphibiaweb_Prathik_Kumar
Amanda Radel	http://eol.org/schema/terms/Amphibiaweb_Amanda_Radel
Ash Reining	http://eol.org/schema/terms/Amphibiaweb_Ash_Reining
Stephen Chu	http://eol.org/schema/terms/Amphibiaweb_Stephen_Chu
Torianna Green	http://eol.org/schema/terms/Amphibiaweb_Torianna_Green
Rachel L. Mueller	http://eol.org/schema/terms/Amphibiaweb_Rachel_L._Mueller
Samuel Malone	http://eol.org/schema/terms/Amphibiaweb_Samuel_Malone
Caroline Lewis	http://eol.org/schema/terms/Amphibiaweb_Caroline_Lewis
Jennifer Schoener	http://eol.org/schema/terms/Amphibiaweb_Jennifer_Schoener
Nathaniel Diede	http://eol.org/schema/terms/Amphibiaweb_Nathaniel_Diede
-end-	